,2021db_fs11,badge_gray,scoreDiv_fwb,formBox,fs11
0,라리가,일반,"오사수나
점수
1 :
점수
1 알라베스","승
2.12
무
2.95
패
2.95","01.01 (금)
00:15"
1,라리가,핸디캡,"오사수나
점수
0
H -1.0
:
점수
1 알라베스","승
4.70
무
3.60
패
1.52","01.01 (금)
00:15"
2,라리가,언더오버,"오사수나
U/O 2.5
총 점수
2 알라베스","U
1.47
-O
2.13","01.01 (금)
00:15"
3,NBA,일반,"인디페이
점수
119 :
점수
99 클리캐벌","승
1.24
-패
2.92","01.01 (금)
05:00"
4,NBA,핸디캡,"인디페이
점수
111.5
H -7.5
:
점수
99 클리캐벌","승
1.78
-패
1.70","01.01 (금)
05:00"
5,NBA,언더오버,"인디페이
U/O 217.5
총 점수
218 클리캐벌","U
1.76
-O
1.72","01.01 (금)
05:00"
6,NBA,일반,"워싱위저
점수
130 :
점수
133 시카불스","승
1.36
-패
2.41","01.01 (금)
07:00"
7,NBA,핸디캡,"워싱위저
점수
125.5
H -4.5
:
점수
133 시카불스","승
1.71
-패
1.77","01.01 (금)
07:00"
8,NBA,언더오버,"워싱위저
U/O 234.5
총 점수
263 시카불스","U
1.76
-O
1.72","01.01 (금)
07:00"
9,NBA,일반,"올랜매직
점수
92 :
점수
116 필라76s","승
2.02
-패
1.53","01.01 (금)
08:30"
10,NBA,핸디캡,"올랜매직
점수
94.5
H +2.5
:
점수
116 필라76s","승
1.73
-패
1.75","01.01 (금)
08:30"
11,NBA,언더오버,"올랜매직
U/O 218.5
총 점수
208 필라76s","U
1.72
-O
1.76","01.01 (금)
08:30"
12,NBA,일반,"휴스로케
점수
122 :
점수
119 새크킹스","승
1.35배당률 하락
-패
2.45배당률 상승","01.01 (금)
09:00"
13,NBA,핸디캡,"휴스로케
점수
116.5
H -5.5
사전조건 변경
:
점수
119 새크킹스","승
1.78
-패
1.70","01.01 (금)
09:00"
14,NBA,언더오버,"휴스로케
U/O 230.5
총 점수
241 새크킹스","U
1.74
-O
1.74","01.01 (금)
09:00"
15,NBA,일반,"토론랩터
점수
100 :
점수
83 뉴욕닉스","승
1.18
-패
3.31","01.01 (금)
09:30"
16,NBA,핸디캡,"토론랩터
점수
91.5
H -8.5
:
점수
83 뉴욕닉스","승
1.72
-패
1.76","01.01 (금)
09:30"
17,NBA,언더오버,"토론랩터
U/O 217.5
사전조건 변경
총 점수
183 뉴욕닉스","U
1.73
-O
1.75","01.01 (금)
09:30"
18,NBA,일반,"오클썬더
점수
80 :
점수
113 뉴올펠리","승
2.45
-패
1.35","01.01 (금)
10:00"
19,NBA,핸디캡,"오클썬더
점수
85.5
H +5.5
:
점수
113 뉴올펠리","승
1.69
-패
1.79","01.01 (금)
10:00"
20,NBA,언더오버,"오클썬더
U/O 216.5
사전조건 변경
총 점수
193 뉴올펠리","U
1.77
-O
1.71","01.01 (금)
10:00"
21,NBA,일반,"유타재즈
점수
95 :
점수
106 피닉선즈","승
1.42배당률 하락
-패
2.25배당률 상승","01.01 (금)
11:00"
22,NBA,핸디캡,"유타재즈
점수
91.5
H -3.5
사전조건 변경
:
점수
106 피닉선즈","승
1.69
-패
1.79","01.01 (금)
11:00"
23,NBA,언더오버,"유타재즈
U/O 219.5
사전조건 변경
총 점수
201 피닉선즈","U
1.74
-O
1.74","01.01 (금)
11:00"
24,KOVO남,일반,"OK금융그
점수
3 :
점수
0 삼성화재","승
1.20
-패
3.16","01.01 (금)
14:00"
25,KOVO남,핸디캡,"OK금융그
점수
1.5
H -1.5
:
점수
0 삼성화재","승
1.46배당률 하락
-패
2.15배당률 상승","01.01 (금)
14:00"
26,KOVO남,언더오버,"OK금융그
U/O 181.5
총 점수
139 삼성화재","U
1.74
-O
1.74","01.01 (금)
14:00"
27,일왕배,일반,"가와사키
점수
1 :
점수
0 G오사카","승
1.43
무
3.95
패
5.10","01.01 (금)
14:40"
28,일왕배,핸디캡,"가와사키
점수
0
H -1.0
:
점수
0 G오사카","승
2.30배당률 하락
무
3.35배당률 하락
패
2.40배당률 상승","01.01 (금)
14:40"
29,일왕배,언더오버,"가와사키
U/O 2.5
총 점수
1 G오사카","U
2.07
-O
1.50","01.01 (금)
14:40"
30,KBL,일반,"모비스
점수
73 :
점수
66 오리온스","승
1.87
-패
1.63","01.01 (금)
15:00"
31,KBL,핸디캡,"모비스
점수
74.5
H +1.5
:
점수
66 오리온스","승
1.73배당률 상승
-패
1.75배당률 하락","01.01 (금)
15:00"
32,KBL,언더오버,"모비스
U/O 159.5
총 점수
139 오리온스","U
1.73
-O
1.75","01.01 (금)
15:00"
33,KBL,일반,"전자랜드
점수
64 :
점수
82 KCC","승
2.41배당률 상승
-패
1.36배당률 하락","01.01 (금)
15:00"
34,KBL,핸디캡,"전자랜드
점수
68.5
H +4.5
사전조건 변경
:
점수
82 KCC","승
1.74
-패
1.74","01.01 (금)
15:00"
35,KBL,언더오버,"전자랜드
U/O 156.5
총 점수
146 KCC","U
1.78배당률 상승
-O
1.70배당률 하락","01.01 (금)
15:00"
36,KOVO여,일반,"현대건설
점수
3 :
점수
0 KGC","승
2.02배당률 상승
-패
1.53배당률 하락","01.01 (금)
16:00"
37,KOVO여,핸디캡,"현대건설
점수
4.5
H +1.5
:
점수
0 KGC","승
1.54
-패
2.00","01.01 (금)
16:00"
38,KOVO여,언더오버,"현대건설
U/O 184.5
총 점수
135 KGC","U
1.74
-O
1.74","01.01 (금)
16:00"
39,KBL,일반,"서울삼성
점수
77 :
점수
84 창원LG","승
1.17
-패
3.39","01.01 (금)
17:00"
40,KBL,핸디캡,"서울삼성
점수
69.5
H -7.5
:
점수
84 창원LG","승
1.73
-패
1.75","01.01 (금)
17:00"
41,KBL,언더오버,"서울삼성
U/O 161.5
총 점수
161 창원LG","U
1.76
-O
1.72","01.01 (금)
17:00"
42,WKBL,일반,"KB스타즈
점수
74 :
점수
58 우리은행","승
1.50
-패
2.07","01.01 (금)
18:00"
43,WKBL,핸디캡,"KB스타즈
점수
70.5
H -3.5
사전조건 변경
:
점수
58 우리은행","승
1.72
-패
1.76","01.01 (금)
18:00"
44,WKBL,언더오버,"KB스타즈
U/O 136.5
총 점수
132 우리은행","U
1.73
-O
1.75","01.01 (금)
18:00"
45,EPL,일반,"에버턴
점수
0 :
점수
1 웨스트햄","승
1.76배당률 하락
무
3.25배당률 하락
패
3.65배당률 상승","01.02 (토)
02:30"
46,EPL,핸디캡,"에버턴
점수
-1
H -1.0
:
점수
1 웨스트햄","승
3.40배당률 하락
무
3.25배당률 하락
패
1.83배당률 상승","01.02 (토)
02:30"
47,EPL,언더오버,"에버턴
U/O 2.5
총 점수
1 웨스트햄","U
1.76
-O
1.72","01.02 (토)
02:30"
48,EPL,일반,"맨체스U
점수
2 :
점수
1 애스턴","승
1.55
무
3.55배당률 하락
패
4.50배당률 상승","01.02 (토)
05:00"
49,EPL,핸디캡,"맨체스U
점수
1
H -1.0
:
점수
1 애스턴","승
2.65
무
3.25배당률 하락
패
2.15배당률 상승","01.02 (토)
05:00"
50,EPL,언더오버,"맨체스U
U/O 2.5
총 점수
3 애스턴","U
2.22
-O
1.43","01.02 (토)
05:00"
51,NBA,일반,"샬럿호네
점수
93 :
점수
108 멤피그리","승
1.39배당률 하락
-패
2.33배당률 상승","01.02 (토)
09:00"
52,NBA,핸디캡,"샬럿호네
점수
88.5
H -4.5
사전조건 변경
:
점수
108 멤피그리","승
1.72
-패
1.76","01.02 (토)
09:00"
53,NBA,언더오버,"샬럿호네
U/O 219.5
총 점수
201 멤피그리","U
1.73
-O
1.75","01.02 (토)
09:00"
54,NBA,일반,"디트피스
점수
96 :
점수
93 보스셀틱","승
3.16
-패
1.20","01.02 (토)
09:00"
55,NBA,핸디캡,"디트피스
점수
104.5
H +8.5
:
점수
93 보스셀틱","승
1.70
-패
1.78","01.02 (토)
09:00"
56,NBA,언더오버,"디트피스
U/O 215.5
사전조건 변경
총 점수
189 보스셀틱","U
1.74
-O
1.74","01.02 (토)
09:00"
57,NBA,일반,"댈러매버
점수
93 :
점수
83 마이히트","승
1.69배당률 상승
-패
1.79배당률 하락","01.02 (토)
09:00"
58,NBA,핸디캡,"댈러매버
점수
91.5
H -1.5
사전조건 변경
:
점수
83 마이히트","승
1.84배당률 상승
-패
1.65배당률 하락","01.02 (토)
09:00"
59,NBA,언더오버,"댈러매버
U/O 223.5
총 점수
176 마이히트","U
1.71
-O
1.77","01.02 (토)
09:00"
60,NBA,일반,"브루네츠
점수
96 :
점수
114 애틀호크","승
1.34
-패
2.48","01.02 (토)
09:30"
61,NBA,핸디캡,"브루네츠
점수
90.5
H -5.5
:
점수
114 애틀호크","승
1.76
-패
1.72","01.02 (토)
09:30"
62,NBA,언더오버,"브루네츠
U/O 245.5
총 점수
210 애틀호크","U
1.76
-O
1.72","01.02 (토)
09:30"
63,NBA,일반,"밀워벅스
점수
126 :
점수
96 시카불스","승
1.01
-패
6.28","01.02 (토)
10:00"
64,NBA,핸디캡,"밀워벅스
점수
111.5
H -14.5
:
점수
96 시카불스","승
1.70
-패
1.78","01.02 (토)
10:00"
65,NBA,언더오버,"밀워벅스
U/O 231.5
총 점수
222 시카불스","U
1.75
-O
1.73","01.02 (토)
10:00"
66,NBA,일반,"미네울브
점수
109 :
점수
130 워싱위저","승
1.60배당률 상승
-패
1.91배당률 하락","01.02 (토)
10:00"
67,NBA,핸디캡,"미네울브
점수
106.5
H -2.5
:
점수
130 워싱위저","승
1.78
-패
1.70","01.02 (토)
10:00"
68,NBA,언더오버,"미네울브
U/O 232.5
사전조건 변경
총 점수
239 워싱위저","U
1.74
-O
1.74","01.02 (토)
10:00"
69,NBA,일반,"샌안스퍼
점수
103 :
점수
109 LA레이커","승
2.92
-패
1.24","01.02 (토)
10:00"
70,NBA,핸디캡,"샌안스퍼
점수
110.5
H +7.5
:
점수
109 LA레이커","승
1.71
-패
1.77","01.02 (토)
10:00"
71,NBA,언더오버,"샌안스퍼
U/O 230.5
총 점수
212 LA레이커","U
1.75
-O
1.73","01.02 (토)
10:00"
72,NBA,일반,"덴버너게
점수
103 :
점수
106 피닉선즈","승
1.46배당률 하락
-패
2.15배당률 상승","01.02 (토)
11:00"
73,NBA,핸디캡,"덴버너게
점수
99.5
H -3.5
사전조건 변경
:
점수
106 피닉선즈","승
1.75
-패
1.73","01.02 (토)
11:00"
74,NBA,언더오버,"덴버너게
U/O 223.5
사전조건 변경
총 점수
209 피닉선즈","U
1.71
-O
1.77","01.02 (토)
11:00"
75,NBA,일반,"유타재즈
점수
106 :
점수
100 LA클리퍼","승
2.07배당률 상승
-패
1.50배당률 하락","01.02 (토)
11:00"
76,NBA,핸디캡,"유타재즈
점수
108.5
H +2.5
:
점수
100 LA클리퍼","승
1.75배당률 상승
-패
1.73배당률 하락","01.02 (토)
11:00"
77,NBA,언더오버,"유타재즈
U/O 223.5
사전조건 변경
총 점수
206 LA클리퍼","U
1.72
-O
1.76","01.02 (토)
11:00"
78,NBA,일반,"골든워리
점수
98 :
점수
123 포틀트레","승
2.22
-패
1.43","01.02 (토)
12:30"
79,NBA,핸디캡,"골든워리
점수
102.5
H +4.5
사전조건 변경
:
점수
123 포틀트레","승
1.76
-패
1.72","01.02 (토)
12:30"
80,NBA,언더오버,"골든워리
U/O 233.5
사전조건 변경
총 점수
221 포틀트레","U
1.71
-O
1.77","01.02 (토)
12:30"
81,KOVO남,일반,현대캐피 : KB손보,"승
1.00
-패
1.00","01.02 (토)
14:00"
82,KOVO남,핸디캡,"현대캐피
H 0.0
: KB손보","승
1.00
-패
1.00","01.02 (토)
14:00"
83,KOVO남,언더오버,"현대캐피
U/O 0.0
: KB손보","U
1.00
-O
1.00","01.02 (토)
14:00"
84,KBL,일반,"KCC
점수
78 :
점수
65 모비스","승
1.38
-패
2.35","01.02 (토)
15:00"
85,KBL,핸디캡,"KCC
점수
73.5
H -4.5
사전조건 변경
:
점수
65 모비스","승
1.70
-패
1.78","01.02 (토)
15:00"
86,KBL,언더오버,"KCC
U/O 160.5
사전조건 변경
총 점수
143 모비스","U
1.78
-O
1.70","01.02 (토)
15:00"
87,KBL,일반,"서울SK
점수
69 :
점수
75 전자랜드","승
1.82배당률 하락
-패
1.67배당률 상승","01.02 (토)
15:00"
88,KBL,핸디캡,"서울SK
점수
70.5
H +1.5
:
점수
75 전자랜드","승
1.69
-패
1.79","01.02 (토)
15:00"
89,KBL,언더오버,"서울SK
U/O 162.5
총 점수
144 전자랜드","U
1.71
-O
1.77","01.02 (토)
15:00"
90,KOVO여,일반,도로공사 : IBK,"승
1.00
-패
1.00","01.02 (토)
16:00"
91,KOVO여,핸디캡,"도로공사
H 0.0
: IBK","승
1.00
-패
1.00","01.02 (토)
16:00"
92,KOVO여,언더오버,"도로공사
U/O 0.0
: IBK","U
1.00
-O
1.00","01.02 (토)
16:00"
93,KBL,일반,"부산KT
점수
77 :
점수
94 서울삼성","승
1.38배당률 하락
-패
2.35배당률 상승","01.02 (토)
17:00"
94,KBL,핸디캡,"부산KT
점수
72.5
H -4.5
사전조건 변경
:
점수
94 서울삼성","승
1.72
-패
1.76","01.02 (토)
17:00"
95,KBL,언더오버,"부산KT
U/O 162.5
사전조건 변경
총 점수
171 서울삼성","U
1.77
-O
1.71","01.02 (토)
17:00"
96,WKBL,일반,"신한은행
점수
74 :
점수
64 하나원큐","승
1.19
-패
3.24","01.02 (토)
18:00"
97,WKBL,핸디캡,"신한은행
점수
65.5
H -8.5
:
점수
64 하나원큐","승
1.72배당률 하락
-패
1.76배당률 상승","01.02 (토)
18:00"
98,WKBL,언더오버,"신한은행
U/O 139.5
총 점수
138 하나원큐","U
1.78
-O
1.70","01.02 (토)
18:00"
99,EPL,일반,"토트넘
점수
3 :
점수
0 리즈","승
1.60배당률 하락
무
3.85배당률 상승
패
3.80배당률 상승","01.02 (토)
21:30"
100,EPL,핸디캡,"토트넘
점수
2
H -1.0
:
점수
0 리즈","승
2.65배당률 하락
무
3.60배당률 하락
패
2.02배당률 상승","01.02 (토)
21:30"
101,EPL,언더오버,"토트넘
U/O 2.5
총 점수
3 리즈","U
2.33
-O
1.39","01.02 (토)
21:30"
102,라리가,일반,"비야레알
점수
2 :
점수
1 레반테","승
1.50
무
3.55
패
4.95","01.02 (토)
22:00"
103,라리가,핸디캡,"비야레알
점수
1
H -1.0
:
점수
1 레반테","승
2.75배당률 상승
무
3.15배당률 하락
패
2.14배당률 상승","01.02 (토)
22:00"
104,라리가,언더오버,"비야레알
U/O 2.5
총 점수
3 레반테","U
1.92
-O
1.59","01.02 (토)
22:00"
105,분데스리,일반,"호펜하임
점수
1 :
점수
3 프라이부","승
1.86배당률 상승
무
3.40배당률 하락
패
3.15배당률 상승","01.02 (토)
23:30"
106,분데스리,핸디캡,"호펜하임
점수
0
H -1.0
:
점수
3 프라이부","승
3.25
무
3.80
패
1.73","01.02 (토)
23:30"
107,분데스리,언더오버,"호펜하임
U/O 2.5
총 점수
4 프라이부","U
2.33
-O
1.39","01.02 (토)
23:30"
108,분데스리,일반,"E프랑크
점수
2 :
점수
1 레버쿠젠","승
3.15배당률 상승
무
3.70배당률 상승
패
1.78배당률 하락","01.02 (토)
23:30"
109,분데스리,핸디캡,"E프랑크
점수
3
H +1.0
:
점수
1 레버쿠젠","승
1.74배당률 상승
무
3.70배당률 하락
패
3.30배당률 하락","01.02 (토)
23:30"
110,분데스리,언더오버,"E프랑크
U/O 2.5
총 점수
3 레버쿠젠","U
2.33
-O
1.39","01.02 (토)
23:30"
111,분데스리,일반,"쾰른
점수
0 :
점수
1 아우크스","승
2.24배당률 상승
무
3.00배당률 하락
패
2.70배당률 상승","01.02 (토)
23:30"
112,분데스리,핸디캡,"쾰른
점수
-1
H -1.0
:
점수
1 아우크스","승
4.65
무
3.85
패
1.48","01.02 (토)
23:30"
113,분데스리,언더오버,"쾰른
U/O 2.5
총 점수
1 아우크스","U
1.66
-O
1.83","01.02 (토)
23:30"
114,분데스리,일반,"브레멘
점수
0 :
점수
2 U베를린","승
2.70배당률 상승
무
3.05배당률 하락
패
2.22배당률 하락","01.02 (토)
23:30"
115,분데스리,핸디캡,"브레멘
점수
1
H +1.0
:
점수
2 U베를린","승
1.47
무
3.90
패
4.70","01.02 (토)
23:30"
116,분데스리,언더오버,"브레멘
U/O 2.5
총 점수
2 U베를린","U
1.75
-O
1.73","01.02 (토)
23:30"
117,분데스리,일반,"아르미니
점수
0 :
점수
1 묀헨글라","승
5.70
무
4.10
패
1.37","01.02 (토)
23:30"
118,분데스리,핸디캡,"아르미니
점수
1
H +1.0
:
점수
1 묀헨글라","승
2.45
무
3.45
패
2.22","01.02 (토)
23:30"
119,분데스리,언더오버,"아르미니
U/O 2.5
총 점수
1 묀헨글라","U
2.05
-O
1.51","01.02 (토)
23:30"
120,EPL,일반,"크리스탈
점수
2 :
점수
0 셰필드U","승
1.81
무
3.10
패
3.65","01.03 (일)
00:00"
121,EPL,핸디캡,"크리스탈
점수
1
H -1.0
:
점수
0 셰필드U","승
3.60배당률 하락
무
3.25배당률 하락
패
1.77배당률 상승","01.03 (일)
00:00"
122,EPL,언더오버,"크리스탈
U/O 2.5
총 점수
2 셰필드U","U
1.53
-O
2.02","01.03 (일)
00:00"
123,라리가,일반,"베티스
점수
1 :
점수
1 세비야","승
3.75배당률 상승
무
3.15
패
1.77배당률 하락","01.03 (일)
00:15"
124,라리가,핸디캡,"베티스
점수
2
H +1.0
:
점수
1 세비야","승
1.76배당률 상승
무
3.20배당률 하락
패
3.70배당률 하락","01.03 (일)
00:15"
125,라리가,언더오버,"베티스
U/O 2.5
총 점수
2 세비야","U
1.57
-O
1.95","01.03 (일)
00:15"
126,EPL,일반,"브라이턴
점수
3 :
점수
3 울버햄튼","승
2.50배당률 상승
무
2.80배당률 하락
패
2.55","01.03 (일)
02:30"
127,EPL,핸디캡,"브라이턴
점수
2
H -1.0
:
점수
3 울버햄튼","승
5.60
무
3.90
패
1.40","01.03 (일)
02:30"
128,EPL,언더오버,"브라이턴
U/O 2.5
총 점수
6 울버햄튼","U
1.43
-O
2.22","01.03 (일)
02:30"
129,라리가,일반,"헤타페
점수
0 :
점수
1 바야돌리","승
1.84
무
2.90
패
3.85","01.03 (일)
02:30"
130,라리가,핸디캡,"헤타페
점수
-1
H -1.0
:
점수
1 바야돌리","승
4.10
무
3.25
패
1.67","01.03 (일)
02:30"
131,라리가,언더오버,"헤타페
U/O 2.5
총 점수
1 바야돌리","U
1.34
-O
2.48","01.03 (일)
02:30"
132,분데스리,일반,"H베를린
점수
3 :
점수
0 샬케04","승
1.55
무
3.60
패
4.40","01.03 (일)
02:30"
133,분데스리,핸디캡,"H베를린
점수
2
H -1.0
:
점수
0 샬케04","승
2.75
무
3.40
패
2.03","01.03 (일)
02:30"
134,분데스리,언더오버,"H베를린
U/O 2.5
총 점수
3 샬케04","U
1.87
-O
1.63","01.03 (일)
02:30"
135,분데스리,일반,"슈투트가
점수
0 :
점수
1 라이프치","승
4.25
무
3.90
패
1.52","01.03 (일)
04:30"
136,분데스리,핸디캡,"슈투트가
점수
1
H +1.0
:
점수
1 라이프치","승
2.09
무
3.60
패
2.55","01.03 (일)
04:30"
137,분데스리,언더오버,"슈투트가
U/O 2.5
총 점수
1 라이프치","U
2.27
-O
1.41","01.03 (일)
04:30"
138,EPL,일반,"웨스브로
점수
0 :
점수
4 아스널","승
4.95
무
3.80
패
1.46","01.03 (일)
05:00"
139,EPL,핸디캡,"웨스브로
점수
1
H +1.0
:
점수
4 아스널","승
2.20
무
3.40
패
2.50","01.03 (일)
05:00"
140,EPL,언더오버,"웨스브로
U/O 2.5
총 점수
4 아스널","U
1.88
-O
1.62","01.03 (일)
05:00"
141,라리가,일반,"레알마드
점수
2 :
점수
0 셀타비고","승
1.34
무
4.40
패
5.70","01.03 (일)
05:00"
142,라리가,핸디캡,"레알마드
점수
1
H -1.0
:
점수
0 셀타비고","승
2.07
무
3.65
패
2.55","01.03 (일)
05:00"
143,라리가,언더오버,"레알마드
U/O 2.5
총 점수
2 셀타비고","U
1.94배당률 하락
-O
1.58배당률 상승","01.03 (일)
05:00"
144,NBA,일반,"휴스로케
점수
102 :
점수
94 새크킹스","승
1.39
-패
2.33","01.03 (일)
07:00"
145,NBA,핸디캡,"휴스로케
점수
97.5
H -4.5
:
점수
94 새크킹스","승
1.75
-패
1.73","01.03 (일)
07:00"
146,NBA,언더오버,"휴스로케
U/O 234.5
총 점수
196 새크킹스","U
1.77
-O
1.71","01.03 (일)
07:00"
147,NBA,일반,"인디페이
점수
102 :
점수
106 뉴욕닉스","승
1.16
-패
3.48","01.03 (일)
09:00"
148,NBA,핸디캡,"인디페이
점수
92.5
H -9.5
:
점수
106 뉴욕닉스","승
1.77
-패
1.71","01.03 (일)
09:00"
149,NBA,언더오버,"인디페이
U/O 215.5
총 점수
208 뉴욕닉스","U
1.71
-O
1.77","01.03 (일)
09:00"
150,NBA,일반,"올랜매직
점수
99 :
점수
108 오클썬더","승
1.27
-패
2.76","01.03 (일)
09:00"
151,NBA,핸디캡,"올랜매직
점수
92.5
H -6.5
:
점수
108 오클썬더","승
1.72
-패
1.76","01.03 (일)
09:00"
152,NBA,언더오버,"올랜매직
U/O 218.5
총 점수
207 오클썬더","U
1.77
-O
1.71","01.03 (일)
09:00"
153,NBA,일반,"필라76s
점수
127 :
점수
112 샬럿호네","승
1.15
-패
3.57","01.03 (일)
09:00"
154,NBA,핸디캡,"필라76s
점수
117.5
H -9.5
:
점수
112 샬럿호네","승
1.75
-패
1.73","01.03 (일)
09:00"
155,NBA,언더오버,"필라76s
U/O 214.5
사전조건 변경
총 점수
239 샬럿호네","U
1.77
-O
1.71","01.03 (일)
09:00"
156,NBA,일반,"애틀호크
점수
91 :
점수
96 클리캐벌","승
1.23
-패
2.97","01.03 (일)
09:30"
157,NBA,핸디캡,"애틀호크
점수
83.5
H -7.5
:
점수
96 클리캐벌","승
1.74
-패
1.74","01.03 (일)
09:30"
158,NBA,언더오버,"애틀호크
U/O 232.5
총 점수
187 클리캐벌","U
1.72배당률 하락
-O
1.76배당률 상승","01.03 (일)
09:30"
159,NBA,일반,"뉴올펠리
점수
120 :
점수
116 토론랩터","승
1.80
-패
1.68","01.03 (일)
09:30"
160,NBA,핸디캡,"뉴올펠리
점수
121.5
H +1.5
:
점수
116 토론랩터","승
1.66
-패
1.83","01.03 (일)
09:30"
161,NBA,언더오버,"뉴올펠리
U/O 213.5
사전조건 변경
총 점수
236 토론랩터","U
1.77
-O
1.71","01.03 (일)
09:30"
162,KOVO여,일반,흥국생명 : GS칼텍,"승
1.00
-패
1.00","01.03 (일)
12:25"
163,KOVO여,핸디캡,"흥국생명
H 0.0
: GS칼텍","승
1.00
-패
1.00","01.03 (일)
12:25"
164,KOVO여,언더오버,"흥국생명
U/O 0.0
: GS칼텍","U
1.00
-O
1.00","01.03 (일)
12:25"
165,KOVO남,일반,우리카드 : 한국전력,"승
1.00
-패
1.00","01.03 (일)
14:00"
166,KOVO남,핸디캡,"우리카드
H 0.0
: 한국전력","승
1.00
-패
1.00","01.03 (일)
14:00"
167,KOVO남,언더오버,"우리카드
U/O 0.0
: 한국전력","U
1.00
-O
1.00","01.03 (일)
14:00"
168,KBL,일반,"서울SK
점수
95 :
점수
89 원주DB","승
1.89
-패
1.61","01.03 (일)
15:00"
169,KBL,핸디캡,"서울SK
점수
97.5
H +2.5
사전조건 변경
:
점수
89 원주DB","승
1.75
-패
1.73","01.03 (일)
15:00"
170,KBL,언더오버,"서울SK
U/O 161.5
총 점수
184 원주DB","U
1.77
-O
1.71","01.03 (일)
15:00"
171,KBL,일반,"안양KGC
점수
70 :
점수
66 창원LG","승
1.19
-패
3.24","01.03 (일)
15:00"
172,KBL,핸디캡,"안양KGC
점수
63.5
H -6.5
:
점수
66 창원LG","승
1.69
-패
1.79","01.03 (일)
15:00"
173,KBL,언더오버,"안양KGC
U/O 160.5
총 점수
136 창원LG","U
1.74
-O
1.74","01.03 (일)
15:00"
174,KBL,일반,"오리온스
점수
82 :
점수
83 부산KT","승
1.48
-패
2.11","01.03 (일)
17:00"
175,KBL,핸디캡,"오리온스
점수
78.5
H -3.5
사전조건 변경
:
점수
83 부산KT","승
1.74
-패
1.74","01.03 (일)
17:00"
176,KBL,언더오버,"오리온스
U/O 162.5
사전조건 변경
총 점수
165 부산KT","U
1.74
-O
1.74","01.03 (일)
17:00"
177,WKBL,일반,"우리은행
점수
92 :
점수
60 BNK썸","승
1.15
-패
3.57","01.03 (일)
18:00"
178,WKBL,핸디캡,"우리은행
점수
82.5
H -9.5
:
점수
60 BNK썸","승
1.74
-패
1.74","01.03 (일)
18:00"
179,WKBL,언더오버,"우리은행
U/O 140.5
총 점수
152 BNK썸","U
1.75
-O
1.73","01.03 (일)
18:00"
180,세리에A,일반,"인터밀란
점수
6 :
점수
2 크로토네","승
1.11
무
5.90
패
12.50","01.03 (일)
20:30"
181,세리에A,핸디캡,"인터밀란
점수
5
H -1.0
:
점수
2 크로토네","승
1.49배당률 하락
무
4.05배당률 상승
패
4.30배당률 상승","01.03 (일)
20:30"
182,세리에A,핸디캡,"인터밀란
점수
3.5
H -2.5
:
점수
2 크로토네","승
2.25
-패
1.42","01.03 (일)
20:30"
183,세리에A,언더오버,"인터밀란
U/O 2.5
총 점수
8 크로토네","U
2.55
-O
1.32","01.03 (일)
20:30"
184,EPL,일반,번리 : 풀럼,"승
2.07
발매차단
무
3.00
발매차단
패
3.00
발매차단","01.03 (일)
21:00"
185,EPL,핸디캡,"번리
H -1.0
: 풀럼","승
4.50
발매차단
무
3.60
발매차단
패
1.54
발매차단","01.03 (일)
21:00"
186,EPL,언더오버,"번리
U/O 2.5
: 풀럼","U
1.48
발매차단
-O
2.11
발매차단","01.03 (일)
21:00"
187,라리가,일반,"빌바오
점수
1 :
점수
0 엘체","승
1.43배당률 상승
무
3.45배당률 하락
패
6.20배당률 하락","01.03 (일)
22:00"
188,라리가,핸디캡,"빌바오
점수
0
H -1.0
:
점수
0 엘체","승
2.50배당률 상승
무
2.95배당률 하락
패
2.44배당률 상승","01.03 (일)
22:00"
189,라리가,언더오버,"빌바오
U/O 2.5
총 점수
1 엘체","U
1.51
-O
2.05","01.03 (일)
22:00"
190,세리에A,일반,"아탈란타
점수
5 :
점수
1 사수올로","승
1.36
무
4.35
패
5.40","01.03 (일)
23:00"
191,세리에A,핸디캡,"아탈란타
점수
4
H -1.0
:
점수
1 사수올로","승
2.14
무
3.65
패
2.45","01.03 (일)
23:00"
192,세리에A,언더오버,"아탈란타
U/O 2.5
총 점수
6 사수올로","U
2.45
-O
1.35","01.03 (일)
23:00"
193,세리에A,일반,"칼리아리
점수
1 :
점수
4 나폴리","승
6.50
무
4.40
패
1.30","01.03 (일)
23:00"
194,세리에A,핸디캡,"칼리아리
점수
2
H +1.0
:
점수
4 나폴리","승
2.70배당률 하락
무
3.35
패
2.08배당률 상승","01.03 (일)
23:00"
195,세리에A,언더오버,"칼리아리
U/O 2.5
총 점수
5 나폴리","U
2.20
-O
1.44","01.03 (일)
23:00"
196,세리에A,일반,"피오렌티
점수
0 :
점수
0 볼로냐","승
1.93배당률 상승
무
3.25배당률 하락
패
3.10배당률 상승","01.03 (일)
23:00"
197,세리에A,핸디캡,"피오렌티
점수
-1
H -1.0
:
점수
0 볼로냐","승
3.60배당률 하락
무
3.60배당률 하락
패
1.68배당률 상승","01.03 (일)
23:00"
198,세리에A,언더오버,"피오렌티
U/O 2.5
총 점수
0 볼로냐","U
2.02
-O
1.53","01.03 (일)
23:00"
199,세리에A,일반,"제노아
점수
1 :
점수
1 라치오","승
5.20
무
3.80
패
1.44","01.03 (일)
23:00"
200,세리에A,핸디캡,"제노아
점수
2
H +1.0
:
점수
1 라치오","승
2.33배당률 상승
무
3.20배당률 하락
패
2.45배당률 상승","01.03 (일)
23:00"
201,세리에A,언더오버,"제노아
U/O 2.5
총 점수
2 라치오","U
2.00
-O
1.54","01.03 (일)
23:00"
202,세리에A,일반,"파르마
점수
0 :
점수
3 토리노","승
2.55배당률 상승
무
3.00배당률 하락
패
2.36배당률 상승","01.03 (일)
23:00"
203,세리에A,핸디캡,"파르마
점수
1
H +1.0
:
점수
3 토리노","승
1.45
무
4.00
패
4.75","01.03 (일)
23:00"
204,세리에A,언더오버,"파르마
U/O 2.5
총 점수
3 토리노","U
1.83
-O
1.66","01.03 (일)
23:00"
205,세리에A,일반,"AS로마
점수
1 :
점수
0 삼프도리","승
1.33배당률 상승
무
4.50
패
5.70배당률 하락","01.03 (일)
23:00"
206,세리에A,핸디캡,"AS로마
점수
0
H -1.0
:
점수
0 삼프도리","승
2.04배당률 상승
무
3.65
패
2.60배당률 하락","01.03 (일)
23:00"
207,세리에A,언더오버,"AS로마
U/O 2.5
총 점수
1 삼프도리","U
2.48
-O
1.34","01.03 (일)
23:00"
208,세리에A,일반,"스페치아
점수
0 :
점수
1 헬라스","승
3.10배당률 상승
무
3.15배당률 하락
패
1.96배당률 하락","01.03 (일)
23:00"
209,세리에A,핸디캡,"스페치아
점수
1
H +1.0
:
점수
1 헬라스","승
1.61배당률 상승
무
3.50배당률 하락
패
4.10배당률 하락","01.03 (일)
23:00"
210,세리에A,언더오버,"스페치아
U/O 2.5
총 점수
1 헬라스","U
1.70
-O
1.78","01.03 (일)
23:00"
211,EPL,일반,"뉴캐슬
점수
1 :
점수
2 레스터","승
4.80
무
3.70
패
1.49","01.03 (일)
23:15"
212,EPL,핸디캡,"뉴캐슬
점수
2
H +1.0
:
점수
2 레스터","승
2.24배당률 상승
무
3.30배당률 하락
패
2.50배당률 하락","01.03 (일)
23:15"
213,EPL,언더오버,"뉴캐슬
U/O 2.5
총 점수
3 레스터","U
1.85
-O
1.64","01.03 (일)
23:15"
214,분데스리,일반,"도르트문
점수
2 :
점수
0 볼프스부","승
1.37
무
4.15
패
5.60","01.03 (일)
23:30"
215,분데스리,핸디캡,"도르트문
점수
1
H -1.0
:
점수
0 볼프스부","승
2.22
무
3.55
패
2.40","01.03 (일)
23:30"
216,분데스리,언더오버,"도르트문
U/O 2.5
총 점수
2 볼프스부","U
2.20
-O
1.44","01.03 (일)
23:30"
217,라리가,일반,"알라베스
점수
1 :
점수
2 AT마드","승
6.80배당률 상승
무
3.60배당률 상승
패
1.38배당률 하락","01.04 (월)
00:15"
218,라리가,핸디캡,"알라베스
점수
2
H +1.0
:
점수
2 AT마드","승
2.44배당률 상승
무
2.95배당률 하락
패
2.50배당률 하락","01.04 (월)
00:15"
219,라리가,언더오버,"알라베스
U/O 2.5
총 점수
3 AT마드","U
1.51
-O
2.05","01.04 (월)
00:15"
220,EPL,일반,"첼시
점수
1 :
점수
3 맨체스C","승
2.70
무
3.35
패
2.08","01.04 (월)
01:30"
221,EPL,핸디캡,"첼시
점수
2
H +1.0
:
점수
3 맨체스C","승
1.54
무
3.85
패
4.15","01.04 (월)
01:30"
222,EPL,언더오버,"첼시
U/O 2.5
총 점수
4 맨체스C","U
1.84
-O
1.65","01.04 (월)
01:30"
223,분데스리,일반,"바이뮌헨
점수
5 :
점수
2 마인츠05","승
1.05
무
7.70
패
15.00","01.04 (월)
02:00"
224,분데스리,핸디캡,"바이뮌헨
점수
3
H -2.0
:
점수
2 마인츠05","승
1.73
무
4.10
패
3.05","01.04 (월)
02:00"
225,분데스리,핸디캡,"바이뮌헨
점수
1.5
H -3.5
:
점수
2 마인츠05","승
2.48
-패
1.34","01.04 (월)
02:00"
226,분데스리,언더오버,"바이뮌헨
U/O 3.5
총 점수
7 마인츠05","U
2.09
-O
1.49","01.04 (월)
02:00"
227,세리에A,일반,"베네벤토
점수
0 :
점수
2 AC밀란","승
4.85배당률 하락
무
4.10
패
1.43배당률 상승","01.04 (월)
02:00"
228,세리에A,핸디캡,"베네벤토
점수
1
H +1.0
:
점수
2 AC밀란","승
2.26배당률 하락
무
3.55배당률 상승
패
2.35배당률 상승","01.04 (월)
02:00"
229,세리에A,언더오버,"베네벤토
U/O 2.5
총 점수
2 AC밀란","U
2.18
-O
1.45","01.04 (월)
02:00"
230,라리가,일반,"에이바르
점수
2 :
점수
0 그라나다","승
2.42배당률 상승
무
2.60배당률 하락
패
2.85배당률 상승","01.04 (월)
02:30"
231,라리가,핸디캡,"에이바르
점수
1
H -1.0
:
점수
0 그라나다","승
5.20
무
3.60
패
1.47","01.04 (월)
02:30"
232,라리가,언더오버,"에이바르
U/O 2.5
총 점수
2 그라나다","U
1.36
-O
2.41","01.04 (월)
02:30"
233,라리가,일반,"소시에다
점수
1 :
점수
1 오사수나","승
1.41
무
3.75
패
5.80","01.04 (월)
02:30"
234,라리가,핸디캡,"소시에다
점수
0
H -1.0
:
점수
1 오사수나","승
2.32배당률 하락
무
3.15배당률 하락
패
2.50배당률 상승","01.04 (월)
02:30"
235,라리가,언더오버,"소시에다
U/O 2.5
총 점수
2 오사수나","U
1.70
-O
1.78","01.04 (월)
02:30"
236,세리에A,일반,"유벤투스
점수
4 :
점수
1 우디네세","승
1.30
무
4.25
패
6.90","01.04 (월)
04:45"
237,세리에A,핸디캡,"유벤투스
점수
3
H -1.0
:
점수
1 우디네세","승
2.16배당률 상승
무
3.50배당률 상승
패
2.50배당률 하락","01.04 (월)
04:45"
238,세리에A,언더오버,"유벤투스
U/O 2.5
총 점수
5 우디네세","U
1.97
-O
1.56","01.04 (월)
04:45"
239,라리가,일반,"우에스카
점수
0 :
점수
1 바르셀로","승
6.30
무
4.50
패
1.30","01.04 (월)
05:00"
240,라리가,핸디캡,"우에스카
점수
1
H +1.0
:
점수
1 바르셀로","승
2.80배당률 상승
무
3.70배당률 상승
패
1.92배당률 하락","01.04 (월)
05:00"
241,라리가,언더오버,"우에스카
U/O 2.5
총 점수
1 바르셀로","U
2.35
-O
1.38","01.04 (월)
05:00"
242,NBA,일반,"디트피스
점수
120 :
점수
122 보스셀틱","승
2.92
-패
1.24","01.04 (월)
05:00"
243,NBA,핸디캡,"디트피스
점수
127.5
H +7.5
:
점수
122 보스셀틱","승
1.72
-패
1.76","01.04 (월)
05:00"
244,NBA,언더오버,"디트피스
U/O 215.5
총 점수
242 보스셀틱","U
1.77
-O
1.71","01.04 (월)
05:00"
245,NBA,일반,"브루네츠
점수
122 :
점수
123 워싱위저","승
1.18
-패
3.31","01.04 (월)
08:00"
246,NBA,핸디캡,"브루네츠
점수
113.5
H -8.5
:
점수
123 워싱위저","승
1.73
-패
1.75","01.04 (월)
08:00"
247,NBA,언더오버,"브루네츠
U/O 242.5
총 점수
245 워싱위저","U
1.77
-O
1.71","01.04 (월)
08:00"
248,NBA,일반,"멤피그리
점수
94 :
점수
108 LA레이커","승
3.57
-패
1.15","01.04 (월)
08:00"
249,NBA,핸디캡,"멤피그리
점수
103.5
H +9.5
:
점수
108 LA레이커","승
1.75
-패
1.73","01.04 (월)
08:00"
250,NBA,언더오버,"멤피그리
U/O 225.5
총 점수
202 LA레이커","U
1.76
-O
1.72","01.04 (월)
08:00"
251,NBA,일반,"미네울브
점수
109 :
점수
124 덴버너게","승
3.10
-패
1.21","01.04 (월)
09:00"
252,NBA,핸디캡,"미네울브
점수
117.5
H +8.5
:
점수
124 덴버너게","승
1.69
-패
1.79","01.04 (월)
09:00"
253,NBA,언더오버,"미네울브
U/O 226.5
사전조건 변경
총 점수
233 덴버너게","U
1.72
-O
1.76","01.04 (월)
09:00"
254,NBA,일반,"샌안스퍼
점수
109 :
점수
130 유타재즈","승
2.15
-패
1.46","01.04 (월)
09:00"
255,NBA,핸디캡,"샌안스퍼
점수
112.5
H +3.5
:
점수
130 유타재즈","승
1.73
-패
1.75","01.04 (월)
09:00"
256,NBA,언더오버,"샌안스퍼
U/O 219.5
총 점수
239 유타재즈","U
1.75
-O
1.73","01.04 (월)
09:00"
257,NBA,일반,"시카불스
점수
118 :
점수
108 댈러매버","승
2.20배당률 하락
-패
1.44배당률 상승","01.04 (월)
10:00"
258,NBA,핸디캡,"시카불스
점수
121.5
H +3.5
사전조건 변경
:
점수
108 댈러매버","승
1.76
-패
1.72","01.04 (월)
10:00"
259,NBA,언더오버,"시카불스
U/O 225.5
사전조건 변경
총 점수
226 댈러매버","U
1.72
-O
1.76","01.04 (월)
10:00"
260,NBA,일반,"피닉선즈
점수
107 :
점수
112 LA클리퍼","승
1.97
-패
1.56","01.04 (월)
10:00"
261,NBA,핸디캡,"피닉선즈
점수
109.5
H +2.5
사전조건 변경
:
점수
112 LA클리퍼","승
1.79
-패
1.69","01.04 (월)
10:00"
262,NBA,언더오버,"피닉선즈
U/O 218.5
총 점수
219 LA클리퍼","U
1.76배당률 상승
-O
1.72배당률 하락","01.04 (월)
10:00"
263,NBA,일반,"골든워리
점수
137 :
점수
122 포틀트레","승
2.38
-패
1.37","01.04 (월)
10:30"
264,NBA,핸디캡,"골든워리
점수
142.5
H +5.5
사전조건 변경
:
점수
122 포틀트레","승
1.76
-패
1.72","01.04 (월)
10:30"
265,NBA,언더오버,"골든워리
U/O 233.5
총 점수
259 포틀트레","U
1.75
-O
1.73","01.04 (월)
10:30"
